[
  {
    "categories": ["Art"],
    "title": "Mona Lisa",
    "imageUrl": "https://images.duckduckgo.com/iu/?u=http%3A%2F%2Fwww.readingpublicmuseum.org%2Fexhibit_secrets-of-mona-lisa-4.jpg&f=1",
    "description": "A painting"
  },
  {
    "categories": ["Furniture"],
    "title": "Credenza",
    "imageUrl": "https://images.crateandbarrel.com/is/image/Crate/ClybournIICredenza3QF16/?$web_zoom_furn_av$&180802085137&wid=1008&hei=567",
    "description": "A piece of furniture I want to buy"
  },
  {
    "categories": ["Art", "Food"],
    "title": "Tasty coffee",
    "imageUrl": "https://images.pexels.com/photos/374757/pexels-photo-374757.jpeg?auto=compress&cs=tinysrgb&dpr=2&h=650&w=940",
    "description": "Some nice coffee artwork"
  },
  {
    "categories": ["Photography", "Travel"],
    "title": "Abstract Painting",
    "imageUrl": "https://images.pexels.com/photos/1139541/pexels-photo-1139541.jpeg?auto=compress&cs=tinysrgb&dpr=2&h=650&w=940",
    "description": "A nice photo of the waves"
  },
  {
    "categories": ["Art"],
    "title": "Abstract Painting",
    "imageUrl": "https://upload.wikimedia.org/wikipedia/commons/thumb/9/97/Vassily_Kandinsky%2C_1939_-_Composition_10.jpg/1024px-Vassily_Kandinsky%2C_1939_-_Composition_10.jpg",
    "description": "Nice painting"
  },
  {
    "categories": ["Travel", "Photography"],
    "title": "Travel Photo",
    "imageUrl": "https://images.pexels.com/photos/789380/pexels-photo-789380.jpeg?auto=compress&cs=tinysrgb&dpr=2&h=650&w=940",
    "description": "An inspiring travel photo"
  },
  {
    "categories": ["Photography"],
    "title": "Sunset Photo",
    "imageUrl": "https://images.pexels.com/photos/206359/pexels-photo-206359.jpeg?auto=compress&cs=tinysrgb&dpr=2&h=650&w=940",
    "description": "A beautiful sunset"
  },
  {
    "categories": ["Food"],
    "title": "Chocolate Cake",
    "imageUrl": "https://images.pexels.com/photos/132694/pexels-photo-132694.jpeg?auto=compress&cs=tinysrgb&dpr=2&h=650&w=940",
    "description": "A delicious piece of chocolate cake"
  },
  {
    "categories": ["Food"],
    "title": "A tasty dinner",
    "imageUrl": "https://images.pexels.com/photos/691114/pexels-photo-691114.jpeg?auto=compress&cs=tinysrgb&dpr=2&h=650&w=940",
    "description": "Picture of recipe I would like to prepare"
  },
  {
    "categories": ["Art"],
    "title": "Abstract Art",
    "imageUrl": "https://upload.wikimedia.org/wikipedia/commons/f/f0/Vassily_Kandinsky%2C_1923_-_Circles_in_a_Circle.jpg",
    "description": "A neat painting by Kandinsky"
  }
]
